Name,NumCells,NumActive,NumInactive,FractionActive,FractionInactive,Parameters
B - 07(fld 01 wv DAPI - DAPI),0,0,0,NaN,NaN,"{'min_thresh': 0.25, 'max_thresh': 1.0, 'min_size': 150, 'mineccentricity': 0.5, 'minsolidity': 0.89}"
B - 07(fld 02 wv DAPI - DAPI),9,1,8,0.1111111111111111,0.8888888888888888,"{'min_thresh': 0.25, 'max_thresh': 1.0, 'min_size': 150, 'mineccentricity': 0.5, 'minsolidity': 0.89}"
B - 07(fld 03 wv DAPI - DAPI),15,2,13,0.13333333333333333,0.8666666666666667,"{'min_thresh': 0.25, 'max_thresh': 1.0, 'min_size': 150, 'mineccentricity': 0.5, 'minsolidity': 0.89}"
B - 07(fld 04 wv DAPI - DAPI),8,2,6,0.25,0.75,"{'min_thresh': 0.25, 'max_thresh': 1.0, 'min_size': 150, 'mineccentricity': 0.5, 'minsolidity': 0.89}"
B - 07(fld 05 wv DAPI - DAPI),0,0,0,NaN,NaN,"{'min_thresh': 0.25, 'max_thresh': 1.0, 'min_size': 150, 'mineccentricity': 0.5, 'minsolidity': 0.89}"
B - 07(fld 06 wv DAPI - DAPI),10,4,6,0.4,0.6,"{'min_thresh': 0.25, 'max_thresh': 1.0, 'min_size': 150, 'mineccentricity': 0.5, 'minsolidity': 0.89}"
B - 07(fld 07 wv DAPI - DAPI),3,0,3,0.0,1.0,"{'min_thresh': 0.25, 'max_thresh': 1.0, 'min_size': 150, 'mineccentricity': 0.5, 'minsolidity': 0.89}"
B - 07(fld 08 wv DAPI - DAPI),10,1,9,0.1,0.9,"{'min_thresh': 0.25, 'max_thresh': 1.0, 'min_size': 150, 'mineccentricity': 0.5, 'minsolidity': 0.89}"
B - 07(fld 09 wv DAPI - DAPI),40,9,31,0.225,0.775,"{'min_thresh': 0.25, 'max_thresh': 1.0, 'min_size': 150, 'mineccentricity': 0.5, 'minsolidity': 0.89}"
B - 07(fld 10 wv DAPI - DAPI),1,1,0,1.0,0.0,"{'min_thresh': 0.25, 'max_thresh': 1.0, 'min_size': 150, 'mineccentricity': 0.5, 'minsolidity': 0.89}"
B - 07(fld 11 wv DAPI - DAPI),3,0,3,0.0,1.0,"{'min_thresh': 0.25, 'max_thresh': 1.0, 'min_size': 150, 'mineccentricity': 0.5, 'minsolidity': 0.89}"
B - 07(fld 12 wv DAPI - DAPI),0,0,0,NaN,NaN,"{'min_thresh': 0.25, 'max_thresh': 1.0, 'min_size': 150, 'mineccentricity': 0.5, 'minsolidity': 0.89}"
B - 07(fld 13 wv DAPI - DAPI),67,33,34,0.4925373134328358,0.5074626865671642,"{'min_thresh': 0.25, 'max_thresh': 1.0, 'min_size': 150, 'mineccentricity': 0.5, 'minsolidity': 0.89}"
B - 07(fld 14 wv DAPI - DAPI),6,1,5,0.16666666666666666,0.8333333333333334,"{'min_thresh': 0.25, 'max_thresh': 1.0, 'min_size': 150, 'mineccentricity': 0.5, 'minsolidity': 0.89}"
B - 07(fld 15 wv DAPI - DAPI),2,1,1,0.5,0.5,"{'min_thresh': 0.25, 'max_thresh': 1.0, 'min_size': 150, 'mineccentricity': 0.5, 'minsolidity': 0.89}"
B - 07(fld 16 wv DAPI - DAPI),6,2,4,0.3333333333333333,0.6666666666666666,"{'min_thresh': 0.25, 'max_thresh': 1.0, 'min_size': 150, 'mineccentricity': 0.5, 'minsolidity': 0.89}"
B - 07(fld 17 wv DAPI - DAPI),1,1,0,1.0,0.0,"{'min_thresh': 0.25, 'max_thresh': 1.0, 'min_size': 150, 'mineccentricity': 0.5, 'minsolidity': 0.89}"
B - 07(fld 18 wv DAPI - DAPI),6,3,3,0.5,0.5,"{'min_thresh': 0.25, 'max_thresh': 1.0, 'min_size': 150, 'mineccentricity': 0.5, 'minsolidity': 0.89}"
B - 07(fld 19 wv DAPI - DAPI),2,0,2,0.0,1.0,"{'min_thresh': 0.25, 'max_thresh': 1.0, 'min_size': 150, 'mineccentricity': 0.5, 'minsolidity': 0.89}"
B - 07(fld 20 wv DAPI - DAPI),1,0,1,0.0,1.0,"{'min_thresh': 0.25, 'max_thresh': 1.0, 'min_size': 150, 'mineccentricity': 0.5, 'minsolidity': 0.89}"
B - 07(fld 21 wv DAPI - DAPI),0,0,0,NaN,NaN,"{'min_thresh': 0.25, 'max_thresh': 1.0, 'min_size': 150, 'mineccentricity': 0.5, 'minsolidity': 0.89}"
B - 07(fld 22 wv DAPI - DAPI),0,0,0,NaN,NaN,"{'min_thresh': 0.25, 'max_thresh': 1.0, 'min_size': 150, 'mineccentricity': 0.5, 'minsolidity': 0.89}"
B - 07(fld 23 wv DAPI - DAPI),2,0,2,0.0,1.0,"{'min_thresh': 0.25, 'max_thresh': 1.0, 'min_size': 150, 'mineccentricity': 0.5, 'minsolidity': 0.89}"
B - 07(fld 24 wv DAPI - DAPI),2,2,0,1.0,0.0,"{'min_thresh': 0.25, 'max_thresh': 1.0, 'min_size': 150, 'mineccentricity': 0.5, 'minsolidity': 0.89}"
B - 07(fld 25 wv DAPI - DAPI),0,0,0,NaN,NaN,"{'min_thresh': 0.25, 'max_thresh': 1.0, 'min_size': 150, 'mineccentricity': 0.5, 'minsolidity': 0.89}"
B - 08(fld 01 wv DAPI - DAPI),0,0,0,NaN,NaN,"{'min_thresh': 0.25, 'max_thresh': 1.0, 'min_size': 150, 'mineccentricity': 0.5, 'minsolidity': 0.89}"
B - 08(fld 02 wv DAPI - DAPI),46,33,13,0.717391304347826,0.2826086956521739,"{'min_thresh': 0.25, 'max_thresh': 1.0, 'min_size': 150, 'mineccentricity': 0.5, 'minsolidity': 0.89}"
B - 08(fld 03 wv DAPI - DAPI),106,79,27,0.7452830188679245,0.25471698113207547,"{'min_thresh': 0.25, 'max_thresh': 1.0, 'min_size': 150, 'mineccentricity': 0.5, 'minsolidity': 0.89}"
B - 08(fld 04 wv DAPI - DAPI),108,85,23,0.7870370370370371,0.21296296296296297,"{'min_thresh': 0.25, 'max_thresh': 1.0, 'min_size': 150, 'mineccentricity': 0.5, 'minsolidity': 0.89}"
B - 08(fld 05 wv DAPI - DAPI),2,2,0,1.0,0.0,"{'min_thresh': 0.25, 'max_thresh': 1.0, 'min_size': 150, 'mineccentricity': 0.5, 'minsolidity': 0.89}"
B - 08(fld 06 wv DAPI - DAPI),1,0,1,0.0,1.0,"{'min_thresh': 0.25, 'max_thresh': 1.0, 'min_size': 150, 'mineccentricity': 0.5, 'minsolidity': 0.89}"
B - 08(fld 07 wv DAPI - DAPI),61,18,43,0.29508196721311475,0.7049180327868853,"{'min_thresh': 0.25, 'max_thresh': 1.0, 'min_size': 150, 'mineccentricity': 0.5, 'minsolidity': 0.89}"
B - 08(fld 08 wv DAPI - DAPI),58,53,5,0.9137931034482759,0.08620689655172414,"{'min_thresh': 0.25, 'max_thresh': 1.0, 'min_size': 150, 'mineccentricity': 0.5, 'minsolidity': 0.89}"
B - 08(fld 09 wv DAPI - DAPI),113,101,12,0.8938053097345132,0.10619469026548672,"{'min_thresh': 0.25, 'max_thresh': 1.0, 'min_size': 150, 'mineccentricity': 0.5, 'minsolidity': 0.89}"
B - 08(fld 10 wv DAPI - DAPI),58,50,8,0.8620689655172413,0.13793103448275862,"{'min_thresh': 0.25, 'max_thresh': 1.0, 'min_size': 150, 'mineccentricity': 0.5, 'minsolidity': 0.89}"
B - 08(fld 11 wv DAPI - DAPI),0,0,0,NaN,NaN,"{'min_thresh': 0.25, 'max_thresh': 1.0, 'min_size': 150, 'mineccentricity': 0.5, 'minsolidity': 0.89}"
B - 08(fld 12 wv DAPI - DAPI),1,0,1,0.0,1.0,"{'min_thresh': 0.25, 'max_thresh': 1.0, 'min_size': 150, 'mineccentricity': 0.5, 'minsolidity': 0.89}"
B - 08(fld 13 wv DAPI - DAPI),0,0,0,NaN,NaN,"{'min_thresh': 0.25, 'max_thresh': 1.0, 'min_size': 150, 'mineccentricity': 0.5, 'minsolidity': 0.89}"
B - 08(fld 14 wv DAPI - DAPI),34,34,0,1.0,0.0,"{'min_thresh': 0.25, 'max_thresh': 1.0, 'min_size': 150, 'mineccentricity': 0.5, 'minsolidity': 0.89}"
B - 08(fld 15 wv DAPI - DAPI),37,32,5,0.8648648648648649,0.13513513513513514,"{'min_thresh': 0.25, 'max_thresh': 1.0, 'min_size': 150, 'mineccentricity': 0.5, 'minsolidity': 0.89}"
B - 08(fld 16 wv DAPI - DAPI),1,1,0,1.0,0.0,"{'min_thresh': 0.25, 'max_thresh': 1.0, 'min_size': 150, 'mineccentricity': 0.5, 'minsolidity': 0.89}"
B - 08(fld 17 wv DAPI - DAPI),1,0,1,0.0,1.0,"{'min_thresh': 0.25, 'max_thresh': 1.0, 'min_size': 150, 'mineccentricity': 0.5, 'minsolidity': 0.89}"
B - 08(fld 18 wv DAPI - DAPI),0,0,0,NaN,NaN,"{'min_thresh': 0.25, 'max_thresh': 1.0, 'min_size': 150, 'mineccentricity': 0.5, 'minsolidity': 0.89}"
B - 08(fld 19 wv DAPI - DAPI),0,0,0,NaN,NaN,"{'min_thresh': 0.25, 'max_thresh': 1.0, 'min_size': 150, 'mineccentricity': 0.5, 'minsolidity': 0.89}"
B - 08(fld 20 wv DAPI - DAPI),0,0,0,NaN,NaN,"{'min_thresh': 0.25, 'max_thresh': 1.0, 'min_size': 150, 'mineccentricity': 0.5, 'minsolidity': 0.89}"
B - 08(fld 21 wv DAPI - DAPI),1,0,1,0.0,1.0,"{'min_thresh': 0.25, 'max_thresh': 1.0, 'min_size': 150, 'mineccentricity': 0.5, 'minsolidity': 0.89}"
B - 08(fld 22 wv DAPI - DAPI),1,0,1,0.0,1.0,"{'min_thresh': 0.25, 'max_thresh': 1.0, 'min_size': 150, 'mineccentricity': 0.5, 'minsolidity': 0.89}"
B - 08(fld 23 wv DAPI - DAPI),0,0,0,NaN,NaN,"{'min_thresh': 0.25, 'max_thresh': 1.0, 'min_size': 150, 'mineccentricity': 0.5, 'minsolidity': 0.89}"
B - 08(fld 24 wv DAPI - DAPI),24,21,3,0.875,0.125,"{'min_thresh': 0.25, 'max_thresh': 1.0, 'min_size': 150, 'mineccentricity': 0.5, 'minsolidity': 0.89}"
B - 08(fld 25 wv DAPI - DAPI),0,0,0,NaN,NaN,"{'min_thresh': 0.25, 'max_thresh': 1.0, 'min_size': 150, 'mineccentricity': 0.5, 'minsolidity': 0.89}"
B - 09(fld 01 wv DAPI - DAPI),13,11,2,0.8461538461538461,0.15384615384615385,"{'min_thresh': 0.25, 'max_thresh': 1.0, 'min_size': 150, 'mineccentricity': 0.5, 'minsolidity': 0.89}"
B - 09(fld 02 wv DAPI - DAPI),33,19,14,0.5757575757575758,0.42424242424242425,"{'min_thresh': 0.25, 'max_thresh': 1.0, 'min_size': 150, 'mineccentricity': 0.5, 'minsolidity': 0.89}"
B - 09(fld 03 wv DAPI - DAPI),53,30,23,0.5660377358490566,0.4339622641509434,"{'min_thresh': 0.25, 'max_thresh': 1.0, 'min_size': 150, 'mineccentricity': 0.5, 'minsolidity': 0.89}"
B - 09(fld 04 wv DAPI - DAPI),83,49,34,0.5903614457831325,0.40963855421686746,"{'min_thresh': 0.25, 'max_thresh': 1.0, 'min_size': 150, 'mineccentricity': 0.5, 'minsolidity': 0.89}"
B - 09(fld 05 wv DAPI - DAPI),0,0,0,NaN,NaN,"{'min_thresh': 0.25, 'max_thresh': 1.0, 'min_size': 150, 'mineccentricity': 0.5, 'minsolidity': 0.89}"
B - 09(fld 06 wv DAPI - DAPI),24,19,5,0.7916666666666666,0.20833333333333334,"{'min_thresh': 0.25, 'max_thresh': 1.0, 'min_size': 150, 'mineccentricity': 0.5, 'minsolidity': 0.89}"
B - 09(fld 07 wv DAPI - DAPI),50,41,9,0.82,0.18,"{'min_thresh': 0.25, 'max_thresh': 1.0, 'min_size': 150, 'mineccentricity': 0.5, 'minsolidity': 0.89}"
B - 09(fld 08 wv DAPI - DAPI),29,28,1,0.9655172413793104,0.034482758620689655,"{'min_thresh': 0.25, 'max_thresh': 1.0, 'min_size': 150, 'mineccentricity': 0.5, 'minsolidity': 0.89}"
B - 09(fld 09 wv DAPI - DAPI),117,70,47,0.5982905982905983,0.4017094017094017,"{'min_thresh': 0.25, 'max_thresh': 1.0, 'min_size': 150, 'mineccentricity': 0.5, 'minsolidity': 0.89}"
B - 09(fld 10 wv DAPI - DAPI),0,0,0,NaN,NaN,"{'min_thresh': 0.25, 'max_thresh': 1.0, 'min_size': 150, 'mineccentricity': 0.5, 'minsolidity': 0.89}"
B - 09(fld 11 wv DAPI - DAPI),5,5,0,1.0,0.0,"{'min_thresh': 0.25, 'max_thresh': 1.0, 'min_size': 150, 'mineccentricity': 0.5, 'minsolidity': 0.89}"
B - 09(fld 12 wv DAPI - DAPI),11,9,2,0.8181818181818182,0.18181818181818182,"{'min_thresh': 0.25, 'max_thresh': 1.0, 'min_size': 150, 'mineccentricity': 0.5, 'minsolidity': 0.89}"
B - 09(fld 13 wv DAPI - DAPI),37,36,1,0.972972972972973,0.02702702702702703,"{'min_thresh': 0.25, 'max_thresh': 1.0, 'min_size': 150, 'mineccentricity': 0.5, 'minsolidity': 0.89}"
B - 09(fld 14 wv DAPI - DAPI),71,55,16,0.7746478873239436,0.22535211267605634,"{'min_thresh': 0.25, 'max_thresh': 1.0, 'min_size': 150, 'mineccentricity': 0.5, 'minsolidity': 0.89}"
B - 09(fld 15 wv DAPI - DAPI),1,0,1,0.0,1.0,"{'min_thresh': 0.25, 'max_thresh': 1.0, 'min_size': 150, 'mineccentricity': 0.5, 'minsolidity': 0.89}"
B - 09(fld 16 wv DAPI - DAPI),26,25,1,0.9615384615384616,0.038461538461538464,"{'min_thresh': 0.25, 'max_thresh': 1.0, 'min_size': 150, 'mineccentricity': 0.5, 'minsolidity': 0.89}"
B - 09(fld 17 wv DAPI - DAPI),10,6,4,0.6,0.4,"{'min_thresh': 0.25, 'max_thresh': 1.0, 'min_size': 150, 'mineccentricity': 0.5, 'minsolidity': 0.89}"
B - 09(fld 18 wv DAPI - DAPI),0,0,0,NaN,NaN,"{'min_thresh': 0.25, 'max_thresh': 1.0, 'min_size': 150, 'mineccentricity': 0.5, 'minsolidity': 0.89}"
B - 09(fld 19 wv DAPI - DAPI),35,27,8,0.7714285714285715,0.22857142857142856,"{'min_thresh': 0.25, 'max_thresh': 1.0, 'min_size': 150, 'mineccentricity': 0.5, 'minsolidity': 0.89}"
B - 09(fld 20 wv DAPI - DAPI),18,16,2,0.8888888888888888,0.1111111111111111,"{'min_thresh': 0.25, 'max_thresh': 1.0, 'min_size': 150, 'mineccentricity': 0.5, 'minsolidity': 0.89}"
B - 09(fld 21 wv DAPI - DAPI),6,6,0,1.0,0.0,"{'min_thresh': 0.25, 'max_thresh': 1.0, 'min_size': 150, 'mineccentricity': 0.5, 'minsolidity': 0.89}"
B - 09(fld 22 wv DAPI - DAPI),24,22,2,0.9166666666666666,0.08333333333333333,"{'min_thresh': 0.25, 'max_thresh': 1.0, 'min_size': 150, 'mineccentricity': 0.5, 'minsolidity': 0.89}"
B - 09(fld 23 wv DAPI - DAPI),45,40,5,0.8888888888888888,0.1111111111111111,"{'min_thresh': 0.25, 'max_thresh': 1.0, 'min_size': 150, 'mineccentricity': 0.5, 'minsolidity': 0.89}"
B - 09(fld 24 wv DAPI - DAPI),18,14,4,0.7777777777777778,0.2222222222222222,"{'min_thresh': 0.25, 'max_thresh': 1.0, 'min_size': 150, 'mineccentricity': 0.5, 'minsolidity': 0.89}"
B - 09(fld 25 wv DAPI - DAPI),0,0,0,NaN,NaN,"{'min_thresh': 0.25, 'max_thresh': 1.0, 'min_size': 150, 'mineccentricity': 0.5, 'minsolidity': 0.89}"
B - 10(fld 01 wv DAPI - DAPI),43,30,13,0.6976744186046512,0.3023255813953488,"{'min_thresh': 0.25, 'max_thresh': 1.0, 'min_size': 150, 'mineccentricity': 0.5, 'minsolidity': 0.89}"
B - 10(fld 02 wv DAPI - DAPI),123,100,23,0.8130081300813008,0.18699186991869918,"{'min_thresh': 0.25, 'max_thresh': 1.0, 'min_size': 150, 'mineccentricity': 0.5, 'minsolidity': 0.89}"
B - 10(fld 03 wv DAPI - DAPI),152,104,48,0.6842105263157895,0.3157894736842105,"{'min_thresh': 0.25, 'max_thresh': 1.0, 'min_size': 150, 'mineccentricity': 0.5, 'minsolidity': 0.89}"
B - 10(fld 04 wv DAPI - DAPI),46,33,13,0.717391304347826,0.2826086956521739,"{'min_thresh': 0.25, 'max_thresh': 1.0, 'min_size': 150, 'mineccentricity': 0.5, 'minsolidity': 0.89}"
B - 10(fld 05 wv DAPI - DAPI),0,0,0,NaN,NaN,"{'min_thresh': 0.25, 'max_thresh': 1.0, 'min_size': 150, 'mineccentricity': 0.5, 'minsolidity': 0.89}"
B - 10(fld 06 wv DAPI - DAPI),23,22,1,0.9565217391304348,0.043478260869565216,"{'min_thresh': 0.25, 'max_thresh': 1.0, 'min_size': 150, 'mineccentricity': 0.5, 'minsolidity': 0.89}"
B - 10(fld 07 wv DAPI - DAPI),23,22,1,0.9565217391304348,0.043478260869565216,"{'min_thresh': 0.25, 'max_thresh': 1.0, 'min_size': 150, 'mineccentricity': 0.5, 'minsolidity': 0.89}"
B - 10(fld 08 wv DAPI - DAPI),20,18,2,0.9,0.1,"{'min_thresh': 0.25, 'max_thresh': 1.0, 'min_size': 150, 'mineccentricity': 0.5, 'minsolidity': 0.89}"
B - 10(fld 09 wv DAPI - DAPI),46,30,16,0.6521739130434783,0.34782608695652173,"{'min_thresh': 0.25, 'max_thresh': 1.0, 'min_size': 150, 'mineccentricity': 0.5, 'minsolidity': 0.89}"
B - 10(fld 10 wv DAPI - DAPI),1,1,0,1.0,0.0,"{'min_thresh': 0.25, 'max_thresh': 1.0, 'min_size': 150, 'mineccentricity': 0.5, 'minsolidity': 0.89}"
B - 10(fld 11 wv DAPI - DAPI),0,0,0,NaN,NaN,"{'min_thresh': 0.25, 'max_thresh': 1.0, 'min_size': 150, 'mineccentricity': 0.5, 'minsolidity': 0.89}"
B - 10(fld 12 wv DAPI - DAPI),9,7,2,0.7777777777777778,0.2222222222222222,"{'min_thresh': 0.25, 'max_thresh': 1.0, 'min_size': 150, 'mineccentricity': 0.5, 'minsolidity': 0.89}"
B - 10(fld 13 wv DAPI - DAPI),7,6,1,0.8571428571428571,0.14285714285714285,"{'min_thresh': 0.25, 'max_thresh': 1.0, 'min_size': 150, 'mineccentricity': 0.5, 'minsolidity': 0.89}"
B - 10(fld 14 wv DAPI - DAPI),82,56,26,0.6829268292682927,0.3170731707317073,"{'min_thresh': 0.25, 'max_thresh': 1.0, 'min_size': 150, 'mineccentricity': 0.5, 'minsolidity': 0.89}"
B - 10(fld 15 wv DAPI - DAPI),1,0,1,0.0,1.0,"{'min_thresh': 0.25, 'max_thresh': 1.0, 'min_size': 150, 'mineccentricity': 0.5, 'minsolidity': 0.89}"
B - 10(fld 16 wv DAPI - DAPI),13,10,3,0.7692307692307693,0.23076923076923078,"{'min_thresh': 0.25, 'max_thresh': 1.0, 'min_size': 150, 'mineccentricity': 0.5, 'minsolidity': 0.89}"
B - 10(fld 17 wv DAPI - DAPI),2,2,0,1.0,0.0,"{'min_thresh': 0.25, 'max_thresh': 1.0, 'min_size': 150, 'mineccentricity': 0.5, 'minsolidity': 0.89}"
B - 10(fld 18 wv DAPI - DAPI),22,21,1,0.9545454545454546,0.045454545454545456,"{'min_thresh': 0.25, 'max_thresh': 1.0, 'min_size': 150, 'mineccentricity': 0.5, 'minsolidity': 0.89}"
B - 10(fld 19 wv DAPI - DAPI),126,98,28,0.7777777777777778,0.2222222222222222,"{'min_thresh': 0.25, 'max_thresh': 1.0, 'min_size': 150, 'mineccentricity': 0.5, 'minsolidity': 0.89}"
B - 10(fld 20 wv DAPI - DAPI),0,0,0,NaN,NaN,"{'min_thresh': 0.25, 'max_thresh': 1.0, 'min_size': 150, 'mineccentricity': 0.5, 'minsolidity': 0.89}"
B - 10(fld 21 wv DAPI - DAPI),3,2,1,0.6666666666666666,0.3333333333333333,"{'min_thresh': 0.25, 'max_thresh': 1.0, 'min_size': 150, 'mineccentricity': 0.5, 'minsolidity': 0.89}"
B - 10(fld 22 wv DAPI - DAPI),22,20,2,0.9090909090909091,0.09090909090909091,"{'min_thresh': 0.25, 'max_thresh': 1.0, 'min_size': 150, 'mineccentricity': 0.5, 'minsolidity': 0.89}"
B - 10(fld 23 wv DAPI - DAPI),73,57,16,0.7808219178082192,0.2191780821917808,"{'min_thresh': 0.25, 'max_thresh': 1.0, 'min_size': 150, 'mineccentricity': 0.5, 'minsolidity': 0.89}"
B - 10(fld 24 wv DAPI - DAPI),15,9,6,0.6,0.4,"{'min_thresh': 0.25, 'max_thresh': 1.0, 'min_size': 150, 'mineccentricity': 0.5, 'minsolidity': 0.89}"
B - 10(fld 25 wv DAPI - DAPI),0,0,0,NaN,NaN,"{'min_thresh': 0.25, 'max_thresh': 1.0, 'min_size': 150, 'mineccentricity': 0.5, 'minsolidity': 0.89}"
C - 07(fld 01 wv DAPI - DAPI),122,58,64,0.47540983606557374,0.5245901639344263,"{'min_thresh': 0.25, 'max_thresh': 1.0, 'min_size': 150, 'mineccentricity': 0.5, 'minsolidity': 0.89}"
C - 07(fld 02 wv DAPI - DAPI),230,58,172,0.25217391304347825,0.7478260869565218,"{'min_thresh': 0.25, 'max_thresh': 1.0, 'min_size': 150, 'mineccentricity': 0.5, 'minsolidity': 0.89}"
C - 07(fld 03 wv DAPI - DAPI),267,62,205,0.23220973782771537,0.7677902621722846,"{'min_thresh': 0.25, 'max_thresh': 1.0, 'min_size': 150, 'mineccentricity': 0.5, 'minsolidity': 0.89}"
C - 07(fld 04 wv DAPI - DAPI),200,71,129,0.355,0.645,"{'min_thresh': 0.25, 'max_thresh': 1.0, 'min_size': 150, 'mineccentricity': 0.5, 'minsolidity': 0.89}"
C - 07(fld 05 wv DAPI - DAPI),13,9,4,0.6923076923076923,0.3076923076923077,"{'min_thresh': 0.25, 'max_thresh': 1.0, 'min_size': 150, 'mineccentricity': 0.5, 'minsolidity': 0.89}"
C - 07(fld 06 wv DAPI - DAPI),178,46,132,0.25842696629213485,0.7415730337078652,"{'min_thresh': 0.25, 'max_thresh': 1.0, 'min_size': 150, 'mineccentricity': 0.5, 'minsolidity': 0.89}"
C - 07(fld 07 wv DAPI - DAPI),90,27,63,0.3,0.7,"{'min_thresh': 0.25, 'max_thresh': 1.0, 'min_size': 150, 'mineccentricity': 0.5, 'minsolidity': 0.89}"
C - 07(fld 08 wv DAPI - DAPI),161,43,118,0.2670807453416149,0.7329192546583851,"{'min_thresh': 0.25, 'max_thresh': 1.0, 'min_size': 150, 'mineccentricity': 0.5, 'minsolidity': 0.89}"
C - 07(fld 09 wv DAPI - DAPI),178,40,138,0.2247191011235955,0.7752808988764045,"{'min_thresh': 0.25, 'max_thresh': 1.0, 'min_size': 150, 'mineccentricity': 0.5, 'minsolidity': 0.89}"
C - 07(fld 10 wv DAPI - DAPI),30,18,12,0.6,0.4,"{'min_thresh': 0.25, 'max_thresh': 1.0, 'min_size': 150, 'mineccentricity': 0.5, 'minsolidity': 0.89}"
C - 07(fld 11 wv DAPI - DAPI),48,9,39,0.1875,0.8125,"{'min_thresh': 0.25, 'max_thresh': 1.0, 'min_size': 150, 'mineccentricity': 0.5, 'minsolidity': 0.89}"
C - 07(fld 12 wv DAPI - DAPI),130,23,107,0.17692307692307693,0.823076923076923,"{'min_thresh': 0.25, 'max_thresh': 1.0, 'min_size': 150, 'mineccentricity': 0.5, 'minsolidity': 0.89}"
C - 07(fld 13 wv DAPI - DAPI),147,15,132,0.10204081632653061,0.8979591836734694,"{'min_thresh': 0.25, 'max_thresh': 1.0, 'min_size': 150, 'mineccentricity': 0.5, 'minsolidity': 0.89}"
C - 07(fld 14 wv DAPI - DAPI),69,16,53,0.2318840579710145,0.7681159420289855,"{'min_thresh': 0.25, 'max_thresh': 1.0, 'min_size': 150, 'mineccentricity': 0.5, 'minsolidity': 0.89}"
C - 07(fld 15 wv DAPI - DAPI),44,24,20,0.5454545454545454,0.45454545454545453,"{'min_thresh': 0.25, 'max_thresh': 1.0, 'min_size': 150, 'mineccentricity': 0.5, 'minsolidity': 0.89}"
C - 07(fld 16 wv DAPI - DAPI),71,33,38,0.4647887323943662,0.5352112676056338,"{'min_thresh': 0.25, 'max_thresh': 1.0, 'min_size': 150, 'mineccentricity': 0.5, 'minsolidity': 0.89}"
C - 07(fld 17 wv DAPI - DAPI),59,24,35,0.4067796610169492,0.5932203389830508,"{'min_thresh': 0.25, 'max_thresh': 1.0, 'min_size': 150, 'mineccentricity': 0.5, 'minsolidity': 0.89}"
C - 07(fld 18 wv DAPI - DAPI),62,20,42,0.3225806451612903,0.6774193548387096,"{'min_thresh': 0.25, 'max_thresh': 1.0, 'min_size': 150, 'mineccentricity': 0.5, 'minsolidity': 0.89}"
C - 07(fld 19 wv DAPI - DAPI),103,22,81,0.21359223300970873,0.7864077669902912,"{'min_thresh': 0.25, 'max_thresh': 1.0, 'min_size': 150, 'mineccentricity': 0.5, 'minsolidity': 0.89}"
C - 07(fld 20 wv DAPI - DAPI),31,17,14,0.5483870967741935,0.45161290322580644,"{'min_thresh': 0.25, 'max_thresh': 1.0, 'min_size': 150, 'mineccentricity': 0.5, 'minsolidity': 0.89}"
C - 07(fld 21 wv DAPI - DAPI),41,24,17,0.5853658536585366,0.4146341463414634,"{'min_thresh': 0.25, 'max_thresh': 1.0, 'min_size': 150, 'mineccentricity': 0.5, 'minsolidity': 0.89}"
C - 07(fld 22 wv DAPI - DAPI),54,22,32,0.4074074074074074,0.5925925925925926,"{'min_thresh': 0.25, 'max_thresh': 1.0, 'min_size': 150, 'mineccentricity': 0.5, 'minsolidity': 0.89}"
C - 07(fld 23 wv DAPI - DAPI),63,29,34,0.4603174603174603,0.5396825396825397,"{'min_thresh': 0.25, 'max_thresh': 1.0, 'min_size': 150, 'mineccentricity': 0.5, 'minsolidity': 0.89}"
C - 07(fld 24 wv DAPI - DAPI),69,33,36,0.4782608695652174,0.5217391304347826,"{'min_thresh': 0.25, 'max_thresh': 1.0, 'min_size': 150, 'mineccentricity': 0.5, 'minsolidity': 0.89}"
C - 07(fld 25 wv DAPI - DAPI),0,0,0,NaN,NaN,"{'min_thresh': 0.25, 'max_thresh': 1.0, 'min_size': 150, 'mineccentricity': 0.5, 'minsolidity': 0.89}"
C - 08(fld 01 wv DAPI - DAPI),0,0,0,NaN,NaN,"{'min_thresh': 0.25, 'max_thresh': 1.0, 'min_size': 150, 'mineccentricity': 0.5, 'minsolidity': 0.89}"
C - 08(fld 02 wv DAPI - DAPI),0,0,0,NaN,NaN,"{'min_thresh': 0.25, 'max_thresh': 1.0, 'min_size': 150, 'mineccentricity': 0.5, 'minsolidity': 0.89}"
C - 08(fld 03 wv DAPI - DAPI),0,0,0,NaN,NaN,"{'min_thresh': 0.25, 'max_thresh': 1.0, 'min_size': 150, 'mineccentricity': 0.5, 'minsolidity': 0.89}"
C - 08(fld 04 wv DAPI - DAPI),0,0,0,NaN,NaN,"{'min_thresh': 0.25, 'max_thresh': 1.0, 'min_size': 150, 'mineccentricity': 0.5, 'minsolidity': 0.89}"
C - 08(fld 05 wv DAPI - DAPI),0,0,0,NaN,NaN,"{'min_thresh': 0.25, 'max_thresh': 1.0, 'min_size': 150, 'mineccentricity': 0.5, 'minsolidity': 0.89}"
C - 08(fld 06 wv DAPI - DAPI),0,0,0,NaN,NaN,"{'min_thresh': 0.25, 'max_thresh': 1.0, 'min_size': 150, 'mineccentricity': 0.5, 'minsolidity': 0.89}"
C - 08(fld 07 wv DAPI - DAPI),1,1,0,1.0,0.0,"{'min_thresh': 0.25, 'max_thresh': 1.0, 'min_size': 150, 'mineccentricity': 0.5, 'minsolidity': 0.89}"
C - 08(fld 08 wv DAPI - DAPI),1,0,1,0.0,1.0,"{'min_thresh': 0.25, 'max_thresh': 1.0, 'min_size': 150, 'mineccentricity': 0.5, 'minsolidity': 0.89}"
C - 08(fld 09 wv DAPI - DAPI),0,0,0,NaN,NaN,"{'min_thresh': 0.25, 'max_thresh': 1.0, 'min_size': 150, 'mineccentricity': 0.5, 'minsolidity': 0.89}"
C - 08(fld 10 wv DAPI - DAPI),0,0,0,NaN,NaN,"{'min_thresh': 0.25, 'max_thresh': 1.0, 'min_size': 150, 'mineccentricity': 0.5, 'minsolidity': 0.89}"
C - 08(fld 11 wv DAPI - DAPI),0,0,0,NaN,NaN,"{'min_thresh': 0.25, 'max_thresh': 1.0, 'min_size': 150, 'mineccentricity': 0.5, 'minsolidity': 0.89}"
C - 08(fld 12 wv DAPI - DAPI),0,0,0,NaN,NaN,"{'min_thresh': 0.25, 'max_thresh': 1.0, 'min_size': 150, 'mineccentricity': 0.5, 'minsolidity': 0.89}"
C - 08(fld 13 wv DAPI - DAPI),1,0,1,0.0,1.0,"{'min_thresh': 0.25, 'max_thresh': 1.0, 'min_size': 150, 'mineccentricity': 0.5, 'minsolidity': 0.89}"
C - 08(fld 14 wv DAPI - DAPI),0,0,0,NaN,NaN,"{'min_thresh': 0.25, 'max_thresh': 1.0, 'min_size': 150, 'mineccentricity': 0.5, 'minsolidity': 0.89}"
C - 08(fld 15 wv DAPI - DAPI),0,0,0,NaN,NaN,"{'min_thresh': 0.25, 'max_thresh': 1.0, 'min_size': 150, 'mineccentricity': 0.5, 'minsolidity': 0.89}"
C - 08(fld 16 wv DAPI - DAPI),0,0,0,NaN,NaN,"{'min_thresh': 0.25, 'max_thresh': 1.0, 'min_size': 150, 'mineccentricity': 0.5, 'minsolidity': 0.89}"
C - 08(fld 17 wv DAPI - DAPI),0,0,0,NaN,NaN,"{'min_thresh': 0.25, 'max_thresh': 1.0, 'min_size': 150, 'mineccentricity': 0.5, 'minsolidity': 0.89}"
C - 08(fld 18 wv DAPI - DAPI),0,0,0,NaN,NaN,"{'min_thresh': 0.25, 'max_thresh': 1.0, 'min_size': 150, 'mineccentricity': 0.5, 'minsolidity': 0.89}"
C - 08(fld 19 wv DAPI - DAPI),9,6,3,0.6666666666666666,0.3333333333333333,"{'min_thresh': 0.25, 'max_thresh': 1.0, 'min_size': 150, 'mineccentricity': 0.5, 'minsolidity': 0.89}"
C - 08(fld 20 wv DAPI - DAPI),21,21,0,1.0,0.0,"{'min_thresh': 0.25, 'max_thresh': 1.0, 'min_size': 150, 'mineccentricity': 0.5, 'minsolidity': 0.89}"
C - 08(fld 21 wv DAPI - DAPI),0,0,0,NaN,NaN,"{'min_thresh': 0.25, 'max_thresh': 1.0, 'min_size': 150, 'mineccentricity': 0.5, 'minsolidity': 0.89}"
C - 08(fld 22 wv DAPI - DAPI),0,0,0,NaN,NaN,"{'min_thresh': 0.25, 'max_thresh': 1.0, 'min_size': 150, 'mineccentricity': 0.5, 'minsolidity': 0.89}"
C - 08(fld 23 wv DAPI - DAPI),20,8,12,0.4,0.6,"{'min_thresh': 0.25, 'max_thresh': 1.0, 'min_size': 150, 'mineccentricity': 0.5, 'minsolidity': 0.89}"
C - 08(fld 24 wv DAPI - DAPI),18,14,4,0.7777777777777778,0.2222222222222222,"{'min_thresh': 0.25, 'max_thresh': 1.0, 'min_size': 150, 'mineccentricity': 0.5, 'minsolidity': 0.89}"
C - 08(fld 25 wv DAPI - DAPI),0,0,0,NaN,NaN,"{'min_thresh': 0.25, 'max_thresh': 1.0, 'min_size': 150, 'mineccentricity': 0.5, 'minsolidity': 0.89}"
C - 09(fld 01 wv DAPI - DAPI),0,0,0,NaN,NaN,"{'min_thresh': 0.25, 'max_thresh': 1.0, 'min_size': 150, 'mineccentricity': 0.5, 'minsolidity': 0.89}"
C - 09(fld 02 wv DAPI - DAPI),0,0,0,NaN,NaN,"{'min_thresh': 0.25, 'max_thresh': 1.0, 'min_size': 150, 'mineccentricity': 0.5, 'minsolidity': 0.89}"
C - 09(fld 03 wv DAPI - DAPI),82,57,25,0.6951219512195121,0.3048780487804878,"{'min_thresh': 0.25, 'max_thresh': 1.0, 'min_size': 150, 'mineccentricity': 0.5, 'minsolidity': 0.89}"
C - 09(fld 04 wv DAPI - DAPI),1,1,0,1.0,0.0,"{'min_thresh': 0.25, 'max_thresh': 1.0, 'min_size': 150, 'mineccentricity': 0.5, 'minsolidity': 0.89}"
C - 09(fld 05 wv DAPI - DAPI),0,0,0,NaN,NaN,"{'min_thresh': 0.25, 'max_thresh': 1.0, 'min_size': 150, 'mineccentricity': 0.5, 'minsolidity': 0.89}"
C - 09(fld 06 wv DAPI - DAPI),16,13,3,0.8125,0.1875,"{'min_thresh': 0.25, 'max_thresh': 1.0, 'min_size': 150, 'mineccentricity': 0.5, 'minsolidity': 0.89}"
C - 09(fld 07 wv DAPI - DAPI),1,1,0,1.0,0.0,"{'min_thresh': 0.25, 'max_thresh': 1.0, 'min_size': 150, 'mineccentricity': 0.5, 'minsolidity': 0.89}"
C - 09(fld 08 wv DAPI - DAPI),68,51,17,0.75,0.25,"{'min_thresh': 0.25, 'max_thresh': 1.0, 'min_size': 150, 'mineccentricity': 0.5, 'minsolidity': 0.89}"
C - 09(fld 09 wv DAPI - DAPI),42,24,18,0.5714285714285714,0.42857142857142855,"{'min_thresh': 0.25, 'max_thresh': 1.0, 'min_size': 150, 'mineccentricity': 0.5, 'minsolidity': 0.89}"
C - 09(fld 10 wv DAPI - DAPI),0,0,0,NaN,NaN,"{'min_thresh': 0.25, 'max_thresh': 1.0, 'min_size': 150, 'mineccentricity': 0.5, 'minsolidity': 0.89}"
C - 09(fld 11 wv DAPI - DAPI),8,6,2,0.75,0.25,"{'min_thresh': 0.25, 'max_thresh': 1.0, 'min_size': 150, 'mineccentricity': 0.5, 'minsolidity': 0.89}"
C - 09(fld 12 wv DAPI - DAPI),1,0,1,0.0,1.0,"{'min_thresh': 0.25, 'max_thresh': 1.0, 'min_size': 150, 'mineccentricity': 0.5, 'minsolidity': 0.89}"
C - 09(fld 13 wv DAPI - DAPI),75,49,26,0.6533333333333333,0.3466666666666667,"{'min_thresh': 0.25, 'max_thresh': 1.0, 'min_size': 150, 'mineccentricity': 0.5, 'minsolidity': 0.89}"
C - 09(fld 14 wv DAPI - DAPI),102,68,34,0.6666666666666666,0.3333333333333333,"{'min_thresh': 0.25, 'max_thresh': 1.0, 'min_size': 150, 'mineccentricity': 0.5, 'minsolidity': 0.89}"
C - 09(fld 15 wv DAPI - DAPI),0,0,0,NaN,NaN,"{'min_thresh': 0.25, 'max_thresh': 1.0, 'min_size': 150, 'mineccentricity': 0.5, 'minsolidity': 0.89}"
C - 09(fld 16 wv DAPI - DAPI),0,0,0,NaN,NaN,"{'min_thresh': 0.25, 'max_thresh': 1.0, 'min_size': 150, 'mineccentricity': 0.5, 'minsolidity': 0.89}"
C - 09(fld 17 wv DAPI - DAPI),0,0,0,NaN,NaN,"{'min_thresh': 0.25, 'max_thresh': 1.0, 'min_size': 150, 'mineccentricity': 0.5, 'minsolidity': 0.89}"
C - 09(fld 18 wv DAPI - DAPI),79,61,18,0.7721518987341772,0.22784810126582278,"{'min_thresh': 0.25, 'max_thresh': 1.0, 'min_size': 150, 'mineccentricity': 0.5, 'minsolidity': 0.89}"
C - 09(fld 19 wv DAPI - DAPI),61,57,4,0.9344262295081968,0.06557377049180328,"{'min_thresh': 0.25, 'max_thresh': 1.0, 'min_size': 150, 'mineccentricity': 0.5, 'minsolidity': 0.89}"
C - 09(fld 20 wv DAPI - DAPI),0,0,0,NaN,NaN,"{'min_thresh': 0.25, 'max_thresh': 1.0, 'min_size': 150, 'mineccentricity': 0.5, 'minsolidity': 0.89}"
C - 09(fld 21 wv DAPI - DAPI),0,0,0,NaN,NaN,"{'min_thresh': 0.25, 'max_thresh': 1.0, 'min_size': 150, 'mineccentricity': 0.5, 'minsolidity': 0.89}"
C - 09(fld 22 wv DAPI - DAPI),0,0,0,NaN,NaN,"{'min_thresh': 0.25, 'max_thresh': 1.0, 'min_size': 150, 'mineccentricity': 0.5, 'minsolidity': 0.89}"
C - 09(fld 23 wv DAPI - DAPI),40,34,6,0.85,0.15,"{'min_thresh': 0.25, 'max_thresh': 1.0, 'min_size': 150, 'mineccentricity': 0.5, 'minsolidity': 0.89}"
C - 09(fld 24 wv DAPI - DAPI),32,31,1,0.96875,0.03125,"{'min_thresh': 0.25, 'max_thresh': 1.0, 'min_size': 150, 'mineccentricity': 0.5, 'minsolidity': 0.89}"
C - 09(fld 25 wv DAPI - DAPI),0,0,0,NaN,NaN,"{'min_thresh': 0.25, 'max_thresh': 1.0, 'min_size': 150, 'mineccentricity': 0.5, 'minsolidity': 0.89}"
C - 10(fld 01 wv DAPI - DAPI),0,0,0,NaN,NaN,"{'min_thresh': 0.25, 'max_thresh': 1.0, 'min_size': 150, 'mineccentricity': 0.5, 'minsolidity': 0.89}"
C - 10(fld 02 wv DAPI - DAPI),74,72,2,0.972972972972973,0.02702702702702703,"{'min_thresh': 0.25, 'max_thresh': 1.0, 'min_size': 150, 'mineccentricity': 0.5, 'minsolidity': 0.89}"
C - 10(fld 03 wv DAPI - DAPI),189,171,18,0.9047619047619048,0.09523809523809523,"{'min_thresh': 0.25, 'max_thresh': 1.0, 'min_size': 150, 'mineccentricity': 0.5, 'minsolidity': 0.89}"
C - 10(fld 04 wv DAPI - DAPI),154,135,19,0.8766233766233766,0.12337662337662338,"{'min_thresh': 0.25, 'max_thresh': 1.0, 'min_size': 150, 'mineccentricity': 0.5, 'minsolidity': 0.89}"
C - 10(fld 05 wv DAPI - DAPI),9,7,2,0.7777777777777778,0.2222222222222222,"{'min_thresh': 0.25, 'max_thresh': 1.0, 'min_size': 150, 'mineccentricity': 0.5, 'minsolidity': 0.89}"
C - 10(fld 06 wv DAPI - DAPI),0,0,0,NaN,NaN,"{'min_thresh': 0.25, 'max_thresh': 1.0, 'min_size': 150, 'mineccentricity': 0.5, 'minsolidity': 0.89}"
C - 10(fld 07 wv DAPI - DAPI),47,23,24,0.48936170212765956,0.5106382978723404,"{'min_thresh': 0.25, 'max_thresh': 1.0, 'min_size': 150, 'mineccentricity': 0.5, 'minsolidity': 0.89}"
C - 10(fld 08 wv DAPI - DAPI),95,75,20,0.7894736842105263,0.21052631578947367,"{'min_thresh': 0.25, 'max_thresh': 1.0, 'min_size': 150, 'mineccentricity': 0.5, 'minsolidity': 0.89}"
C - 10(fld 09 wv DAPI - DAPI),187,171,16,0.9144385026737968,0.0855614973262032,"{'min_thresh': 0.25, 'max_thresh': 1.0, 'min_size': 150, 'mineccentricity': 0.5, 'minsolidity': 0.89}"
C - 10(fld 10 wv DAPI - DAPI),88,75,13,0.8522727272727273,0.14772727272727273,"{'min_thresh': 0.25, 'max_thresh': 1.0, 'min_size': 150, 'mineccentricity': 0.5, 'minsolidity': 0.89}"
C - 10(fld 11 wv DAPI - DAPI),0,0,0,NaN,NaN,"{'min_thresh': 0.25, 'max_thresh': 1.0, 'min_size': 150, 'mineccentricity': 0.5, 'minsolidity': 0.89}"
C - 10(fld 12 wv DAPI - DAPI),0,0,0,NaN,NaN,"{'min_thresh': 0.25, 'max_thresh': 1.0, 'min_size': 150, 'mineccentricity': 0.5, 'minsolidity': 0.89}"
C - 10(fld 13 wv DAPI - DAPI),16,12,4,0.75,0.25,"{'min_thresh': 0.25, 'max_thresh': 1.0, 'min_size': 150, 'mineccentricity': 0.5, 'minsolidity': 0.89}"
C - 10(fld 14 wv DAPI - DAPI),162,75,87,0.46296296296296297,0.5370370370370371,"{'min_thresh': 0.25, 'max_thresh': 1.0, 'min_size': 150, 'mineccentricity': 0.5, 'minsolidity': 0.89}"
C - 10(fld 15 wv DAPI - DAPI),10,6,4,0.6,0.4,"{'min_thresh': 0.25, 'max_thresh': 1.0, 'min_size': 150, 'mineccentricity': 0.5, 'minsolidity': 0.89}"
C - 10(fld 16 wv DAPI - DAPI),0,0,0,NaN,NaN,"{'min_thresh': 0.25, 'max_thresh': 1.0, 'min_size': 150, 'mineccentricity': 0.5, 'minsolidity': 0.89}"
C - 10(fld 17 wv DAPI - DAPI),0,0,0,NaN,NaN,"{'min_thresh': 0.25, 'max_thresh': 1.0, 'min_size': 150, 'mineccentricity': 0.5, 'minsolidity': 0.89}"
C - 10(fld 18 wv DAPI - DAPI),21,11,10,0.5238095238095238,0.47619047619047616,"{'min_thresh': 0.25, 'max_thresh': 1.0, 'min_size': 150, 'mineccentricity': 0.5, 'minsolidity': 0.89}"
C - 10(fld 19 wv DAPI - DAPI),10,6,4,0.6,0.4,"{'min_thresh': 0.25, 'max_thresh': 1.0, 'min_size': 150, 'mineccentricity': 0.5, 'minsolidity': 0.89}"
C - 10(fld 20 wv DAPI - DAPI),0,0,0,NaN,NaN,"{'min_thresh': 0.25, 'max_thresh': 1.0, 'min_size': 150, 'mineccentricity': 0.5, 'minsolidity': 0.89}"
C - 10(fld 21 wv DAPI - DAPI),0,0,0,NaN,NaN,"{'min_thresh': 0.25, 'max_thresh': 1.0, 'min_size': 150, 'mineccentricity': 0.5, 'minsolidity': 0.89}"
C - 10(fld 22 wv DAPI - DAPI),0,0,0,NaN,NaN,"{'min_thresh': 0.25, 'max_thresh': 1.0, 'min_size': 150, 'mineccentricity': 0.5, 'minsolidity': 0.89}"
C - 10(fld 23 wv DAPI - DAPI),0,0,0,NaN,NaN,"{'min_thresh': 0.25, 'max_thresh': 1.0, 'min_size': 150, 'mineccentricity': 0.5, 'minsolidity': 0.89}"
C - 10(fld 24 wv DAPI - DAPI),11,8,3,0.7272727272727273,0.2727272727272727,"{'min_thresh': 0.25, 'max_thresh': 1.0, 'min_size': 150, 'mineccentricity': 0.5, 'minsolidity': 0.89}"
C - 10(fld 25 wv DAPI - DAPI),1,0,1,0.0,1.0,"{'min_thresh': 0.25, 'max_thresh': 1.0, 'min_size': 150, 'mineccentricity': 0.5, 'minsolidity': 0.89}"
D - 07(fld 01 wv DAPI - DAPI),36,23,13,0.6388888888888888,0.3611111111111111,"{'min_thresh': 0.25, 'max_thresh': 1.0, 'min_size': 150, 'mineccentricity': 0.5, 'minsolidity': 0.89}"
D - 07(fld 02 wv DAPI - DAPI),105,33,72,0.3142857142857143,0.6857142857142857,"{'min_thresh': 0.25, 'max_thresh': 1.0, 'min_size': 150, 'mineccentricity': 0.5, 'minsolidity': 0.89}"
D - 07(fld 03 wv DAPI - DAPI),187,43,144,0.22994652406417113,0.7700534759358288,"{'min_thresh': 0.25, 'max_thresh': 1.0, 'min_size': 150, 'mineccentricity': 0.5, 'minsolidity': 0.89}"
D - 07(fld 04 wv DAPI - DAPI),160,58,102,0.3625,0.6375,"{'min_thresh': 0.25, 'max_thresh': 1.0, 'min_size': 150, 'mineccentricity': 0.5, 'minsolidity': 0.89}"
D - 07(fld 05 wv DAPI - DAPI),5,5,0,1.0,0.0,"{'min_thresh': 0.25, 'max_thresh': 1.0, 'min_size': 150, 'mineccentricity': 0.5, 'minsolidity': 0.89}"
D - 07(fld 06 wv DAPI - DAPI),87,34,53,0.39080459770114945,0.6091954022988506,"{'min_thresh': 0.25, 'max_thresh': 1.0, 'min_size': 150, 'mineccentricity': 0.5, 'minsolidity': 0.89}"
D - 07(fld 07 wv DAPI - DAPI),86,13,73,0.1511627906976744,0.8488372093023255,"{'min_thresh': 0.25, 'max_thresh': 1.0, 'min_size': 150, 'mineccentricity': 0.5, 'minsolidity': 0.89}"
D - 07(fld 08 wv DAPI - DAPI),97,9,88,0.09278350515463918,0.9072164948453608,"{'min_thresh': 0.25, 'max_thresh': 1.0, 'min_size': 150, 'mineccentricity': 0.5, 'minsolidity': 0.89}"
D - 07(fld 09 wv DAPI - DAPI),102,18,84,0.17647058823529413,0.8235294117647058,"{'min_thresh': 0.25, 'max_thresh': 1.0, 'min_size': 150, 'mineccentricity': 0.5, 'minsolidity': 0.89}"
D - 07(fld 10 wv DAPI - DAPI),45,29,16,0.6444444444444445,0.35555555555555557,"{'min_thresh': 0.25, 'max_thresh': 1.0, 'min_size': 150, 'mineccentricity': 0.5, 'minsolidity': 0.89}"
D - 07(fld 11 wv DAPI - DAPI),1,0,1,0.0,1.0,"{'min_thresh': 0.25, 'max_thresh': 1.0, 'min_size': 150, 'mineccentricity': 0.5, 'minsolidity': 0.89}"
D - 07(fld 12 wv DAPI - DAPI),67,2,65,0.029850746268656716,0.9701492537313433,"{'min_thresh': 0.25, 'max_thresh': 1.0, 'min_size': 150, 'mineccentricity': 0.5, 'minsolidity': 0.89}"
D - 07(fld 13 wv DAPI - DAPI),136,0,136,0.0,1.0,"{'min_thresh': 0.25, 'max_thresh': 1.0, 'min_size': 150, 'mineccentricity': 0.5, 'minsolidity': 0.89}"
D - 07(fld 14 wv DAPI - DAPI),40,9,31,0.225,0.775,"{'min_thresh': 0.25, 'max_thresh': 1.0, 'min_size': 150, 'mineccentricity': 0.5, 'minsolidity': 0.89}"
D - 07(fld 15 wv DAPI - DAPI),17,14,3,0.8235294117647058,0.17647058823529413,"{'min_thresh': 0.25, 'max_thresh': 1.0, 'min_size': 150, 'mineccentricity': 0.5, 'minsolidity': 0.89}"
D - 07(fld 16 wv DAPI - DAPI),113,13,100,0.11504424778761062,0.8849557522123894,"{'min_thresh': 0.25, 'max_thresh': 1.0, 'min_size': 150, 'mineccentricity': 0.5, 'minsolidity': 0.89}"
D - 07(fld 17 wv DAPI - DAPI),69,3,66,0.043478260869565216,0.9565217391304348,"{'min_thresh': 0.25, 'max_thresh': 1.0, 'min_size': 150, 'mineccentricity': 0.5, 'minsolidity': 0.89}"
D - 07(fld 18 wv DAPI - DAPI),50,7,43,0.14,0.86,"{'min_thresh': 0.25, 'max_thresh': 1.0, 'min_size': 150, 'mineccentricity': 0.5, 'minsolidity': 0.89}"
D - 07(fld 19 wv DAPI - DAPI),79,25,54,0.31645569620253167,0.6835443037974683,"{'min_thresh': 0.25, 'max_thresh': 1.0, 'min_size': 150, 'mineccentricity': 0.5, 'minsolidity': 0.89}"
D - 07(fld 20 wv DAPI - DAPI),33,24,9,0.7272727272727273,0.2727272727272727,"{'min_thresh': 0.25, 'max_thresh': 1.0, 'min_size': 150, 'mineccentricity': 0.5, 'minsolidity': 0.89}"
D - 07(fld 21 wv DAPI - DAPI),11,4,7,0.36363636363636365,0.6363636363636364,"{'min_thresh': 0.25, 'max_thresh': 1.0, 'min_size': 150, 'mineccentricity': 0.5, 'minsolidity': 0.89}"
D - 07(fld 22 wv DAPI - DAPI),103,22,81,0.21359223300970873,0.7864077669902912,"{'min_thresh': 0.25, 'max_thresh': 1.0, 'min_size': 150, 'mineccentricity': 0.5, 'minsolidity': 0.89}"
D - 07(fld 23 wv DAPI - DAPI),18,4,14,0.2222222222222222,0.7777777777777778,"{'min_thresh': 0.25, 'max_thresh': 1.0, 'min_size': 150, 'mineccentricity': 0.5, 'minsolidity': 0.89}"
D - 07(fld 24 wv DAPI - DAPI),43,17,26,0.3953488372093023,0.6046511627906976,"{'min_thresh': 0.25, 'max_thresh': 1.0, 'min_size': 150, 'mineccentricity': 0.5, 'minsolidity': 0.89}"
D - 07(fld 25 wv DAPI - DAPI),0,0,0,NaN,NaN,"{'min_thresh': 0.25, 'max_thresh': 1.0, 'min_size': 150, 'mineccentricity': 0.5, 'minsolidity': 0.89}"
D - 08(fld 01 wv DAPI - DAPI),0,0,0,NaN,NaN,"{'min_thresh': 0.25, 'max_thresh': 1.0, 'min_size': 150, 'mineccentricity': 0.5, 'minsolidity': 0.89}"
D - 08(fld 02 wv DAPI - DAPI),0,0,0,NaN,NaN,"{'min_thresh': 0.25, 'max_thresh': 1.0, 'min_size': 150, 'mineccentricity': 0.5, 'minsolidity': 0.89}"
D - 08(fld 03 wv DAPI - DAPI),83,58,25,0.6987951807228916,0.30120481927710846,"{'min_thresh': 0.25, 'max_thresh': 1.0, 'min_size': 150, 'mineccentricity': 0.5, 'minsolidity': 0.89}"
D - 08(fld 04 wv DAPI - DAPI),99,93,6,0.9393939393939394,0.06060606060606061,"{'min_thresh': 0.25, 'max_thresh': 1.0, 'min_size': 150, 'mineccentricity': 0.5, 'minsolidity': 0.89}"
D - 08(fld 05 wv DAPI - DAPI),10,9,1,0.9,0.1,"{'min_thresh': 0.25, 'max_thresh': 1.0, 'min_size': 150, 'mineccentricity': 0.5, 'minsolidity': 0.89}"
D - 08(fld 06 wv DAPI - DAPI),0,0,0,NaN,NaN,"{'min_thresh': 0.25, 'max_thresh': 1.0, 'min_size': 150, 'mineccentricity': 0.5, 'minsolidity': 0.89}"
D - 08(fld 07 wv DAPI - DAPI),0,0,0,NaN,NaN,"{'min_thresh': 0.25, 'max_thresh': 1.0, 'min_size': 150, 'mineccentricity': 0.5, 'minsolidity': 0.89}"
D - 08(fld 08 wv DAPI - DAPI),60,53,7,0.8833333333333333,0.11666666666666667,"{'min_thresh': 0.25, 'max_thresh': 1.0, 'min_size': 150, 'mineccentricity': 0.5, 'minsolidity': 0.89}"
D - 08(fld 09 wv DAPI - DAPI),110,100,10,0.9090909090909091,0.09090909090909091,"{'min_thresh': 0.25, 'max_thresh': 1.0, 'min_size': 150, 'mineccentricity': 0.5, 'minsolidity': 0.89}"
D - 08(fld 10 wv DAPI - DAPI),70,64,6,0.9142857142857143,0.08571428571428572,"{'min_thresh': 0.25, 'max_thresh': 1.0, 'min_size': 150, 'mineccentricity': 0.5, 'minsolidity': 0.89}"
D - 08(fld 11 wv DAPI - DAPI),1,1,0,1.0,0.0,"{'min_thresh': 0.25, 'max_thresh': 1.0, 'min_size': 150, 'mineccentricity': 0.5, 'minsolidity': 0.89}"
D - 08(fld 12 wv DAPI - DAPI),27,17,10,0.6296296296296297,0.37037037037037035,"{'min_thresh': 0.25, 'max_thresh': 1.0, 'min_size': 150, 'mineccentricity': 0.5, 'minsolidity': 0.89}"
D - 08(fld 13 wv DAPI - DAPI),48,48,0,1.0,0.0,"{'min_thresh': 0.25, 'max_thresh': 1.0, 'min_size': 150, 'mineccentricity': 0.5, 'minsolidity': 0.89}"
D - 08(fld 14 wv DAPI - DAPI),49,47,2,0.9591836734693877,0.04081632653061224,"{'min_thresh': 0.25, 'max_thresh': 1.0, 'min_size': 150, 'mineccentricity': 0.5, 'minsolidity': 0.89}"
D - 08(fld 15 wv DAPI - DAPI),76,69,7,0.9078947368421053,0.09210526315789473,"{'min_thresh': 0.25, 'max_thresh': 1.0, 'min_size': 150, 'mineccentricity': 0.5, 'minsolidity': 0.89}"
D - 08(fld 16 wv DAPI - DAPI),0,0,0,NaN,NaN,"{'min_thresh': 0.25, 'max_thresh': 1.0, 'min_size': 150, 'mineccentricity': 0.5, 'minsolidity': 0.89}"
D - 08(fld 17 wv DAPI - DAPI),15,5,10,0.3333333333333333,0.6666666666666666,"{'min_thresh': 0.25, 'max_thresh': 1.0, 'min_size': 150, 'mineccentricity': 0.5, 'minsolidity': 0.89}"
D - 08(fld 18 wv DAPI - DAPI),47,47,0,1.0,0.0,"{'min_thresh': 0.25, 'max_thresh': 1.0, 'min_size': 150, 'mineccentricity': 0.5, 'minsolidity': 0.89}"
D - 08(fld 19 wv DAPI - DAPI),76,72,4,0.9473684210526315,0.05263157894736842,"{'min_thresh': 0.25, 'max_thresh': 1.0, 'min_size': 150, 'mineccentricity': 0.5, 'minsolidity': 0.89}"
D - 08(fld 20 wv DAPI - DAPI),28,26,2,0.9285714285714286,0.07142857142857142,"{'min_thresh': 0.25, 'max_thresh': 1.0, 'min_size': 150, 'mineccentricity': 0.5, 'minsolidity': 0.89}"
D - 08(fld 21 wv DAPI - DAPI),2,2,0,1.0,0.0,"{'min_thresh': 0.25, 'max_thresh': 1.0, 'min_size': 150, 'mineccentricity': 0.5, 'minsolidity': 0.89}"
D - 08(fld 22 wv DAPI - DAPI),0,0,0,NaN,NaN,"{'min_thresh': 0.25, 'max_thresh': 1.0, 'min_size': 150, 'mineccentricity': 0.5, 'minsolidity': 0.89}"
D - 08(fld 23 wv DAPI - DAPI),1,0,1,0.0,1.0,"{'min_thresh': 0.25, 'max_thresh': 1.0, 'min_size': 150, 'mineccentricity': 0.5, 'minsolidity': 0.89}"
D - 08(fld 24 wv DAPI - DAPI),1,0,1,0.0,1.0,"{'min_thresh': 0.25, 'max_thresh': 1.0, 'min_size': 150, 'mineccentricity': 0.5, 'minsolidity': 0.89}"
D - 08(fld 25 wv DAPI - DAPI),0,0,0,NaN,NaN,"{'min_thresh': 0.25, 'max_thresh': 1.0, 'min_size': 150, 'mineccentricity': 0.5, 'minsolidity': 0.89}"
D - 09(fld 01 wv DAPI - DAPI),0,0,0,NaN,NaN,"{'min_thresh': 0.25, 'max_thresh': 1.0, 'min_size': 150, 'mineccentricity': 0.5, 'minsolidity': 0.89}"
D - 09(fld 02 wv DAPI - DAPI),2,1,1,0.5,0.5,"{'min_thresh': 0.25, 'max_thresh': 1.0, 'min_size': 150, 'mineccentricity': 0.5, 'minsolidity': 0.89}"
D - 09(fld 03 wv DAPI - DAPI),24,18,6,0.75,0.25,"{'min_thresh': 0.25, 'max_thresh': 1.0, 'min_size': 150, 'mineccentricity': 0.5, 'minsolidity': 0.89}"
D - 09(fld 04 wv DAPI - DAPI),0,0,0,NaN,NaN,"{'min_thresh': 0.25, 'max_thresh': 1.0, 'min_size': 150, 'mineccentricity': 0.5, 'minsolidity': 0.89}"
D - 09(fld 05 wv DAPI - DAPI),0,0,0,NaN,NaN,"{'min_thresh': 0.25, 'max_thresh': 1.0, 'min_size': 150, 'mineccentricity': 0.5, 'minsolidity': 0.89}"
D - 09(fld 06 wv DAPI - DAPI),0,0,0,NaN,NaN,"{'min_thresh': 0.25, 'max_thresh': 1.0, 'min_size': 150, 'mineccentricity': 0.5, 'minsolidity': 0.89}"
D - 09(fld 07 wv DAPI - DAPI),38,28,10,0.7368421052631579,0.2631578947368421,"{'min_thresh': 0.25, 'max_thresh': 1.0, 'min_size': 150, 'mineccentricity': 0.5, 'minsolidity': 0.89}"
D - 09(fld 08 wv DAPI - DAPI),64,44,20,0.6875,0.3125,"{'min_thresh': 0.25, 'max_thresh': 1.0, 'min_size': 150, 'mineccentricity': 0.5, 'minsolidity': 0.89}"
D - 09(fld 09 wv DAPI - DAPI),0,0,0,NaN,NaN,"{'min_thresh': 0.25, 'max_thresh': 1.0, 'min_size': 150, 'mineccentricity': 0.5, 'minsolidity': 0.89}"
D - 09(fld 10 wv DAPI - DAPI),0,0,0,NaN,NaN,"{'min_thresh': 0.25, 'max_thresh': 1.0, 'min_size': 150, 'mineccentricity': 0.5, 'minsolidity': 0.89}"
D - 09(fld 11 wv DAPI - DAPI),7,7,0,1.0,0.0,"{'min_thresh': 0.25, 'max_thresh': 1.0, 'min_size': 150, 'mineccentricity': 0.5, 'minsolidity': 0.89}"
D - 09(fld 12 wv DAPI - DAPI),48,42,6,0.875,0.125,"{'min_thresh': 0.25, 'max_thresh': 1.0, 'min_size': 150, 'mineccentricity': 0.5, 'minsolidity': 0.89}"
D - 09(fld 13 wv DAPI - DAPI),38,32,6,0.8421052631578947,0.15789473684210525,"{'min_thresh': 0.25, 'max_thresh': 1.0, 'min_size': 150, 'mineccentricity': 0.5, 'minsolidity': 0.89}"
D - 09(fld 14 wv DAPI - DAPI),1,1,0,1.0,0.0,"{'min_thresh': 0.25, 'max_thresh': 1.0, 'min_size': 150, 'mineccentricity': 0.5, 'minsolidity': 0.89}"
D - 09(fld 15 wv DAPI - DAPI),0,0,0,NaN,NaN,"{'min_thresh': 0.25, 'max_thresh': 1.0, 'min_size': 150, 'mineccentricity': 0.5, 'minsolidity': 0.89}"
D - 09(fld 16 wv DAPI - DAPI),15,8,7,0.5333333333333333,0.4666666666666667,"{'min_thresh': 0.25, 'max_thresh': 1.0, 'min_size': 150, 'mineccentricity': 0.5, 'minsolidity': 0.89}"
D - 09(fld 17 wv DAPI - DAPI),12,10,2,0.8333333333333334,0.16666666666666666,"{'min_thresh': 0.25, 'max_thresh': 1.0, 'min_size': 150, 'mineccentricity': 0.5, 'minsolidity': 0.89}"
D - 09(fld 18 wv DAPI - DAPI),29,23,6,0.7931034482758621,0.20689655172413793,"{'min_thresh': 0.25, 'max_thresh': 1.0, 'min_size': 150, 'mineccentricity': 0.5, 'minsolidity': 0.89}"
D - 09(fld 19 wv DAPI - DAPI),5,2,3,0.4,0.6,"{'min_thresh': 0.25, 'max_thresh': 1.0, 'min_size': 150, 'mineccentricity': 0.5, 'minsolidity': 0.89}"
D - 09(fld 20 wv DAPI - DAPI),0,0,0,NaN,NaN,"{'min_thresh': 0.25, 'max_thresh': 1.0, 'min_size': 150, 'mineccentricity': 0.5, 'minsolidity': 0.89}"
D - 09(fld 21 wv DAPI - DAPI),8,6,2,0.75,0.25,"{'min_thresh': 0.25, 'max_thresh': 1.0, 'min_size': 150, 'mineccentricity': 0.5, 'minsolidity': 0.89}"
D - 09(fld 22 wv DAPI - DAPI),28,24,4,0.8571428571428571,0.14285714285714285,"{'min_thresh': 0.25, 'max_thresh': 1.0, 'min_size': 150, 'mineccentricity': 0.5, 'minsolidity': 0.89}"
D - 09(fld 23 wv DAPI - DAPI),62,50,12,0.8064516129032258,0.1935483870967742,"{'min_thresh': 0.25, 'max_thresh': 1.0, 'min_size': 150, 'mineccentricity': 0.5, 'minsolidity': 0.89}"
D - 09(fld 24 wv DAPI - DAPI),39,29,10,0.7435897435897436,0.2564102564102564,"{'min_thresh': 0.25, 'max_thresh': 1.0, 'min_size': 150, 'mineccentricity': 0.5, 'minsolidity': 0.89}"
D - 09(fld 25 wv DAPI - DAPI),0,0,0,NaN,NaN,"{'min_thresh': 0.25, 'max_thresh': 1.0, 'min_size': 150, 'mineccentricity': 0.5, 'minsolidity': 0.89}"
D - 10(fld 01 wv DAPI - DAPI),0,0,0,NaN,NaN,"{'min_thresh': 0.25, 'max_thresh': 1.0, 'min_size': 150, 'mineccentricity': 0.5, 'minsolidity': 0.89}"
D - 10(fld 02 wv DAPI - DAPI),92,74,18,0.8043478260869565,0.1956521739130435,"{'min_thresh': 0.25, 'max_thresh': 1.0, 'min_size': 150, 'mineccentricity': 0.5, 'minsolidity': 0.89}"
D - 10(fld 03 wv DAPI - DAPI),140,111,29,0.7928571428571428,0.20714285714285716,"{'min_thresh': 0.25, 'max_thresh': 1.0, 'min_size': 150, 'mineccentricity': 0.5, 'minsolidity': 0.89}"
D - 10(fld 04 wv DAPI - DAPI),50,39,11,0.78,0.22,"{'min_thresh': 0.25, 'max_thresh': 1.0, 'min_size': 150, 'mineccentricity': 0.5, 'minsolidity': 0.89}"
D - 10(fld 05 wv DAPI - DAPI),0,0,0,NaN,NaN,"{'min_thresh': 0.25, 'max_thresh': 1.0, 'min_size': 150, 'mineccentricity': 0.5, 'minsolidity': 0.89}"
D - 10(fld 06 wv DAPI - DAPI),0,0,0,NaN,NaN,"{'min_thresh': 0.25, 'max_thresh': 1.0, 'min_size': 150, 'mineccentricity': 0.5, 'minsolidity': 0.89}"
D - 10(fld 07 wv DAPI - DAPI),85,60,25,0.7058823529411765,0.29411764705882354,"{'min_thresh': 0.25, 'max_thresh': 1.0, 'min_size': 150, 'mineccentricity': 0.5, 'minsolidity': 0.89}"
D - 10(fld 08 wv DAPI - DAPI),49,42,7,0.8571428571428571,0.14285714285714285,"{'min_thresh': 0.25, 'max_thresh': 1.0, 'min_size': 150, 'mineccentricity': 0.5, 'minsolidity': 0.89}"
D - 10(fld 09 wv DAPI - DAPI),67,60,7,0.8955223880597015,0.1044776119402985,"{'min_thresh': 0.25, 'max_thresh': 1.0, 'min_size': 150, 'mineccentricity': 0.5, 'minsolidity': 0.89}"
D - 10(fld 10 wv DAPI - DAPI),40,31,9,0.775,0.225,"{'min_thresh': 0.25, 'max_thresh': 1.0, 'min_size': 150, 'mineccentricity': 0.5, 'minsolidity': 0.89}"
D - 10(fld 11 wv DAPI - DAPI),1,1,0,1.0,0.0,"{'min_thresh': 0.25, 'max_thresh': 1.0, 'min_size': 150, 'mineccentricity': 0.5, 'minsolidity': 0.89}"
D - 10(fld 12 wv DAPI - DAPI),66,57,9,0.8636363636363636,0.13636363636363635,"{'min_thresh': 0.25, 'max_thresh': 1.0, 'min_size': 150, 'mineccentricity': 0.5, 'minsolidity': 0.89}"
D - 10(fld 13 wv DAPI - DAPI),44,41,3,0.9318181818181818,0.06818181818181818,"{'min_thresh': 0.25, 'max_thresh': 1.0, 'min_size': 150, 'mineccentricity': 0.5, 'minsolidity': 0.89}"
D - 10(fld 14 wv DAPI - DAPI),93,69,24,0.7419354838709677,0.25806451612903225,"{'min_thresh': 0.25, 'max_thresh': 1.0, 'min_size': 150, 'mineccentricity': 0.5, 'minsolidity': 0.89}"
D - 10(fld 15 wv DAPI - DAPI),5,4,1,0.8,0.2,"{'min_thresh': 0.25, 'max_thresh': 1.0, 'min_size': 150, 'mineccentricity': 0.5, 'minsolidity': 0.89}"
D - 10(fld 16 wv DAPI - DAPI),0,0,0,NaN,NaN,"{'min_thresh': 0.25, 'max_thresh': 1.0, 'min_size': 150, 'mineccentricity': 0.5, 'minsolidity': 0.89}"
D - 10(fld 17 wv DAPI - DAPI),57,38,19,0.6666666666666666,0.3333333333333333,"{'min_thresh': 0.25, 'max_thresh': 1.0, 'min_size': 150, 'mineccentricity': 0.5, 'minsolidity': 0.89}"
D - 10(fld 18 wv DAPI - DAPI),47,42,5,0.8936170212765957,0.10638297872340426,"{'min_thresh': 0.25, 'max_thresh': 1.0, 'min_size': 150, 'mineccentricity': 0.5, 'minsolidity': 0.89}"
D - 10(fld 19 wv DAPI - DAPI),119,87,32,0.7310924369747899,0.2689075630252101,"{'min_thresh': 0.25, 'max_thresh': 1.0, 'min_size': 150, 'mineccentricity': 0.5, 'minsolidity': 0.89}"
D - 10(fld 20 wv DAPI - DAPI),1,1,0,1.0,0.0,"{'min_thresh': 0.25, 'max_thresh': 1.0, 'min_size': 150, 'mineccentricity': 0.5, 'minsolidity': 0.89}"
D - 10(fld 21 wv DAPI - DAPI),0,0,0,NaN,NaN,"{'min_thresh': 0.25, 'max_thresh': 1.0, 'min_size': 150, 'mineccentricity': 0.5, 'minsolidity': 0.89}"
D - 10(fld 22 wv DAPI - DAPI),38,25,13,0.6578947368421053,0.34210526315789475,"{'min_thresh': 0.25, 'max_thresh': 1.0, 'min_size': 150, 'mineccentricity': 0.5, 'minsolidity': 0.89}"
D - 10(fld 23 wv DAPI - DAPI),52,38,14,0.7307692307692307,0.2692307692307692,"{'min_thresh': 0.25, 'max_thresh': 1.0, 'min_size': 150, 'mineccentricity': 0.5, 'minsolidity': 0.89}"
D - 10(fld 24 wv DAPI - DAPI),20,19,1,0.95,0.05,"{'min_thresh': 0.25, 'max_thresh': 1.0, 'min_size': 150, 'mineccentricity': 0.5, 'minsolidity': 0.89}"
D - 10(fld 25 wv DAPI - DAPI),1,1,0,1.0,0.0,"{'min_thresh': 0.25, 'max_thresh': 1.0, 'min_size': 150, 'mineccentricity': 0.5, 'minsolidity': 0.89}"
